sha256	size	path
82d4cd00f0aed972808db88beae975050818aba8b1e5f5768b53523fe27e4b00	338	baseline-bsl/build/binary.file.txt
6d71d8a17aaf3c7320f61d30148bcb097d7aa9cded60fab4e0640f90181d9253	112	baseline-bsl/build/binary.path
d76936ad05a06c33241163e5df37a189b896c9203a2a36debe07ad11d8f3470d	178	baseline-bsl/build/binary.sha256
3c0e5ec2ac0519b445b321e9c68475969d92103a8aabc5aca9277af139fa0db7	69876	baseline-bsl/build/cargo-test-no-run.jsonl
e64a6b10b97484bbf7110752adc2c741406045848e5a070410c95d9b7717c3cd	41	baseline-bsl/build/commit.txt
e3b0c44298fc1c149afbf4c8996fb92427ae41e4649b934ca495991b7852b855	0	baseline-bsl/build/git-apply-check.stdout
e3b0c44298fc1c149afbf4c8996fb92427ae41e4649b934ca495991b7852b855	0	baseline-bsl/build/git-apply.stdout
85ce8590490a287d0f172700fb4cc2a2974253b1e53968d5ce8a25b869e7877b	116	baseline-bsl/build/worktree-add.stdout
e3b0c44298fc1c149afbf4c8996fb92427ae41e4649b934ca495991b7852b855	0	baseline-bsl/build/worktree-remove.stdout
9a271f2a916b0b6ee6cecb2426f0b3206ef074578be55d9bc94f6f3fe3ab86aa	2	baseline-bsl/gdb/exit-code.txt
e5500986e8a30018663f9fe2954089300ec906a570524e831c307d495e316683	20657	baseline-bsl/gdb/result.json
35bc47d00b8c4acbf2930fdf8825ae9207d35c74e512f81ae0654dfad80ac97a	532	baseline-bsl/gdb/stderr.txt
784a13dc9c56fa3bbc3fc461ce69be76efc9579c0edc142394fbe4d985cde31e	995	baseline-bsl/gdb/summary.txt
9d222b39fc71f02a9e9160d9324bb3941e9204f9470ce653cd0b8045d6b75a0d	313802	baseline-bsl/heaptrack/run1.compat.heaptrack_print.txt
e91aba1632d785a40d423364b718c2df0c6b595eca008b6644b2689f2690348f	1611659	baseline-bsl/heaptrack/run1.compat.stacks
7657eb6d893634dd6e6743c6ed0802fa7991866203cb34afc2bdb3c6a53d16b7	1194	baseline-bsl/heaptrack/run1.heaptrack.stdout
31d8c6342334f04d767d35d2690af76610e286b12d79d402952fe5bec68b8e56	313802	baseline-bsl/heaptrack/run2.compat.heaptrack_print.txt
e91aba1632d785a40d423364b718c2df0c6b595eca008b6644b2689f2690348f	1611659	baseline-bsl/heaptrack/run2.compat.stacks
533145db0da5b0f5a0c826729138a58d4bc924902a2852d48bb6600c7a4dfbc7	1194	baseline-bsl/heaptrack/run2.heaptrack.stdout
9401b48a2cffc1a685cde768bfce29172729dd1cf5180f7405e4273eff4c2554	479	baseline-bsl/heaptrack/summary.tsv
23e817a86cdae68178f00da676e3019ef8947275af9c952ddcec6c963a91e192	40532	baseline-bsl/nm/required-symbols.txt
e3b0c44298fc1c149afbf4c8996fb92427ae41e4649b934ca495991b7852b855	0	baseline-bsl/wall/run1.stderr
195afff48a436f2b6de5a2b00d98b96455e3e346b1fbaed780a820205419e3db	702	baseline-bsl/wall/run1.stdout
a37f9fe7bd3fa9d73c6b5c339b56943e53f5e080499527175cf537b71a836c01	5	baseline-bsl/wall/run1.time
e3b0c44298fc1c149afbf4c8996fb92427ae41e4649b934ca495991b7852b855	0	baseline-bsl/wall/run2.stderr
195afff48a436f2b6de5a2b00d98b96455e3e346b1fbaed780a820205419e3db	702	baseline-bsl/wall/run2.stdout
a37f9fe7bd3fa9d73c6b5c339b56943e53f5e080499527175cf537b71a836c01	5	baseline-bsl/wall/run2.time
e3b0c44298fc1c149afbf4c8996fb92427ae41e4649b934ca495991b7852b855	0	baseline-bsl/wall/run3.stderr
195afff48a436f2b6de5a2b00d98b96455e3e346b1fbaed780a820205419e3db	702	baseline-bsl/wall/run3.stdout
a37f9fe7bd3fa9d73c6b5c339b56943e53f5e080499527175cf537b71a836c01	5	baseline-bsl/wall/run3.time
e3b0c44298fc1c149afbf4c8996fb92427ae41e4649b934ca495991b7852b855	0	baseline-bsl/wall/run4.stderr
195afff48a436f2b6de5a2b00d98b96455e3e346b1fbaed780a820205419e3db	702	baseline-bsl/wall/run4.stdout
ad1d34e4d341cc6a4c4afadc494bd5c4b2fec64b899171d87e997ffee08a228d	5	baseline-bsl/wall/run4.time
e3b0c44298fc1c149afbf4c8996fb92427ae41e4649b934ca495991b7852b855	0	baseline-bsl/wall/run5.stderr
195afff48a436f2b6de5a2b00d98b96455e3e346b1fbaed780a820205419e3db	702	baseline-bsl/wall/run5.stdout
a37f9fe7bd3fa9d73c6b5c339b56943e53f5e080499527175cf537b71a836c01	5	baseline-bsl/wall/run5.time
2655af83a086c5785cde750e33844026288f2ee6da0b622a9b2f560c7cfbffe9	63	baseline-bsl/wall/summary.txt
6b608ffff6c7de1044c692f79d8fd9f602a562d85a6f4b77a310efe4af16b905	25	baseline-bsl/wall/times.txt
e3b0c44298fc1c149afbf4c8996fb92427ae41e4649b934ca495991b7852b855	0	baseline-bsl/wall/warmup.stderr
195afff48a436f2b6de5a2b00d98b96455e3e346b1fbaed780a820205419e3db	702	baseline-bsl/wall/warmup.stdout
90722ed5569faf0dda44354fa7aa6676803bae8f28adbbe75f0890406a877274	339	baseline-sdbl/build/binary.file.txt
aeaac6edc6c828d9577d55ec4fad40179d8bfb05664cf6b9246f33f5d5a06a16	113	baseline-sdbl/build/binary.path
1243d7f4b52bfc776ae8d2e8dc85697c174f4db02e7848fc16ca79001430a7ba	179	baseline-sdbl/build/binary.sha256
c7fa78c47f88ca6f63c5f307bbd780e3be46a38892aad94ad8563e3e90a6a1f4	70046	baseline-sdbl/build/cargo-test-no-run.jsonl
7a504df36e92f4d054e9d1527cf6a9ad4ef7f03af7d2f854d8adea0891dadf9b	41	baseline-sdbl/build/commit.txt
e3b0c44298fc1c149afbf4c8996fb92427ae41e4649b934ca495991b7852b855	0	baseline-sdbl/build/git-apply-check.stdout
e3b0c44298fc1c149afbf4c8996fb92427ae41e4649b934ca495991b7852b855	0	baseline-sdbl/build/git-apply.stdout
b95a7963f5a16f877d5d307a3ff00cdfe7f6ca1aae70c258e81c23e4a7463226	111	baseline-sdbl/build/worktree-add.stdout
e3b0c44298fc1c149afbf4c8996fb92427ae41e4649b934ca495991b7852b855	0	baseline-sdbl/build/worktree-remove.stdout
9a271f2a916b0b6ee6cecb2426f0b3206ef074578be55d9bc94f6f3fe3ab86aa	2	baseline-sdbl/gdb/exit-code.txt
0d776b745a72d1ab7835b4e0e1231b97c65379013c09c2934dc56cf5f621ea36	19383	baseline-sdbl/gdb/result.json
083217e7823ca305acdee537c760da89a627e26bc68ec9ee422bd40db9e539f8	535	baseline-sdbl/gdb/stderr.txt
87944880bb4b7aad6b9e3b48eb76d519efb7a3515724e5d83fa10d52adfc6ee8	909	baseline-sdbl/gdb/summary.txt
b764cd251f39f32b3f10c82c5d24ea21e51c98f0b45cb2643724e94fd1dcb09c	346620	baseline-sdbl/heaptrack/run1.compat.heaptrack_print.txt
b0ec432ffa2b2d7e00a953f6d9930444a471c0072a89becc11d67fec85bf353f	1245288	baseline-sdbl/heaptrack/run1.compat.stacks
983243e8571faa2f9bcdb3e3b46df27154999846fe40b00414623e830221d8b0	1106	baseline-sdbl/heaptrack/run1.heaptrack.stdout
b5b23d3707099159ddeff2062870d9f78e1f216c1d5e61a8fadd3cb44f71caef	346620	baseline-sdbl/heaptrack/run2.compat.heaptrack_print.txt
b0ec432ffa2b2d7e00a953f6d9930444a471c0072a89becc11d67fec85bf353f	1245288	baseline-sdbl/heaptrack/run2.compat.stacks
074deae7f5d1c3e5cd918b6436a2863626f82514448859c28c99c004ace215c2	1106	baseline-sdbl/heaptrack/run2.heaptrack.stdout
2e2335a016e318e2cd8667ba25fb5606236e3fcb9e654469bd3874350ea68802	489	baseline-sdbl/heaptrack/summary.tsv
69f5ceed1c0c0292e666725fb7ee2cb476afe1b4b94086831c45b2576c587bdb	41461	baseline-sdbl/nm/required-symbols.txt
e3b0c44298fc1c149afbf4c8996fb92427ae41e4649b934ca495991b7852b855	0	baseline-sdbl/wall/run1.stderr
d8292fb4cc9d8a2ed71300b94853d9866441d808407cdd4ed88b3ecd75eb2240	614	baseline-sdbl/wall/run1.stdout
a37f9fe7bd3fa9d73c6b5c339b56943e53f5e080499527175cf537b71a836c01	5	baseline-sdbl/wall/run1.time
e3b0c44298fc1c149afbf4c8996fb92427ae41e4649b934ca495991b7852b855	0	baseline-sdbl/wall/run2.stderr
d8292fb4cc9d8a2ed71300b94853d9866441d808407cdd4ed88b3ecd75eb2240	614	baseline-sdbl/wall/run2.stdout
a37f9fe7bd3fa9d73c6b5c339b56943e53f5e080499527175cf537b71a836c01	5	baseline-sdbl/wall/run2.time
e3b0c44298fc1c149afbf4c8996fb92427ae41e4649b934ca495991b7852b855	0	baseline-sdbl/wall/run3.stderr
d8292fb4cc9d8a2ed71300b94853d9866441d808407cdd4ed88b3ecd75eb2240	614	baseline-sdbl/wall/run3.stdout
a37f9fe7bd3fa9d73c6b5c339b56943e53f5e080499527175cf537b71a836c01	5	baseline-sdbl/wall/run3.time
e3b0c44298fc1c149afbf4c8996fb92427ae41e4649b934ca495991b7852b855	0	baseline-sdbl/wall/run4.stderr
d8292fb4cc9d8a2ed71300b94853d9866441d808407cdd4ed88b3ecd75eb2240	614	baseline-sdbl/wall/run4.stdout
a37f9fe7bd3fa9d73c6b5c339b56943e53f5e080499527175cf537b71a836c01	5	baseline-sdbl/wall/run4.time
e3b0c44298fc1c149afbf4c8996fb92427ae41e4649b934ca495991b7852b855	0	baseline-sdbl/wall/run5.stderr
d8292fb4cc9d8a2ed71300b94853d9866441d808407cdd4ed88b3ecd75eb2240	614	baseline-sdbl/wall/run5.stdout
ad1d34e4d341cc6a4c4afadc494bd5c4b2fec64b899171d87e997ffee08a228d	5	baseline-sdbl/wall/run5.time
2655af83a086c5785cde750e33844026288f2ee6da0b622a9b2f560c7cfbffe9	63	baseline-sdbl/wall/summary.txt
62ab87293b212556664aa977ab25b6c41c04a5a37e5162f9ebb06158b9d26fa2	25	baseline-sdbl/wall/times.txt
e3b0c44298fc1c149afbf4c8996fb92427ae41e4649b934ca495991b7852b855	0	baseline-sdbl/wall/warmup.stderr
d8292fb4cc9d8a2ed71300b94853d9866441d808407cdd4ed88b3ecd75eb2240	614	baseline-sdbl/wall/warmup.stdout
db37d709613506e772fd20034d09021d5b53cb19eaf1fe9fe635955fef189a9f	14080	commands-and-binaries.txt
009ae369a9a28098776ca4c281a4a8b012902c8b488265bd65f730381b7a0954	313	current/build/binary.file.txt
9f5edc6719ecd3016c0d28c0dc388b27c16ae1e1119fb58cd9ddffc6d89adb2a	87	current/build/binary.path
fb84ad0c9df58deba062dd8ccb56dadfb18adb8f1afce5b2b07939d6f2f53957	153	current/build/binary.sha256
8690da43bf0b1c0635d0c148616012bf434ec387a449ada6e8812492ff8e819a	66746	current/build/cargo-test-no-run.jsonl
9a271f2a916b0b6ee6cecb2426f0b3206ef074578be55d9bc94f6f3fe3ab86aa	2	current/gdb/bsl-exit-code.txt
bbb5ded9e5e2e5c75b5f93b940a8b2476028da8b700fcacb9f855c96f7a94cc0	21179	current/gdb/bsl-result.json
dd0025c801d1d7b39e2673465c05c4415acf6fce2b7580ba7638833513df0cc9	483	current/gdb/bsl-stderr.txt
0c6bcd8e27afe1bfb26c1ec9913b88679858cef80f47b71f80169f168985073f	1049	current/gdb/bsl-summary.txt
53c234e5e8472b6ac51c1ae1cab3fe06fad053beb8ebfd8977b010655bfdd3c3	2	current/gdb/missing-symbol/exit-code.txt
9b3eeaae76cc6b1605ec3764bda629091653dd2541e3f31cc2fc1b11826e05c7	713	current/gdb/missing-symbol/result.json
47b2356bfbb2bb8473b562c37dd994231ba5f94af089f3ac4c880ccbd4d56571	584	current/gdb/missing-symbol/stderr.txt
f5a08c8753e14d61d6d604661e2578e3f8c8be52a9bb34160a477ed0f471f0d6	500	current/gdb/missing-symbol/summary.txt
9a271f2a916b0b6ee6cecb2426f0b3206ef074578be55d9bc94f6f3fe3ab86aa	2	current/gdb/sdbl-exit-code.txt
410a0203cefe39de3566776dc397284501fa80654557613f1db13f7c1e3dd4e8	19983	current/gdb/sdbl-result.json
5b86d06eff1c370a6b6ae8b1924f1e937c1b3c2ddb8f5f0e8d2ebf325db2a591	484	current/gdb/sdbl-stderr.txt
9e1ec2e87a368be9598dd91589f4d5fab3267f37ac003abd115615b762dd7c96	1011	current/gdb/sdbl-summary.txt
ab134e3e51c0f184df8ec8fee05fed5c7118b915163ae0ba446a05c3a224879f	356965	current/heaptrack/bsl-run1.compat.heaptrack_print.txt
88dbed697a8dc2856896df39333942cba526682c6ff7d0826e559968a36b6808	1745300	current/heaptrack/bsl-run1.compat.stacks
7923d12c443b064c5c364d3495afcd04e3372a204cd2de2e642fd3b3a169a096	166572	current/heaptrack/bsl-run1.direct.heaptrack_print.txt
e421c1010b426f6243d9d91698461ba66a8ca2d2c3c8515c3f5f2ec194f8b660	81628	current/heaptrack/bsl-run1.direct.stacks
3c8833dd2be2a3bba5d0b808ad2a83946ff0198e90fd1ed7bfee7c95a39ef87a	1572	current/heaptrack/bsl-run1.heaptrack.stdout
8488b60953372cfd03dfae6fc3b0bdbfd4b4607a16078b441e8d7806c995351e	356965	current/heaptrack/bsl-run2.compat.heaptrack_print.txt
88dbed697a8dc2856896df39333942cba526682c6ff7d0826e559968a36b6808	1745300	current/heaptrack/bsl-run2.compat.stacks
0f4f35f871bca1b92cbed692ca40e51dac76e9fe864828fe7a72fb6bfc638126	166572	current/heaptrack/bsl-run2.direct.heaptrack_print.txt
e421c1010b426f6243d9d91698461ba66a8ca2d2c3c8515c3f5f2ec194f8b660	81628	current/heaptrack/bsl-run2.direct.stacks
156b89ed4eb9835cc112b7ba2e927bebb38fede9c838daceaf2de566fc6e5d80	1572	current/heaptrack/bsl-run2.heaptrack.stdout
c81221d1d5b4c8dfb248c8165d817de77c4b0bc53c29fcf1a5907f07a444815d	889	current/heaptrack/bsl-summary.tsv
1091a069d054fdf6605c48c16e1a65009091e6e545025b88daa6ecafc305306f	311877	current/heaptrack/sdbl-run1.compat.heaptrack_print.txt
acbae74101d17489898c531294ffa4370934b6a9b1f898ba164f30ab53a8bc63	1326665	current/heaptrack/sdbl-run1.compat.stacks
34b7f7a8ee3b524db81a80e2ab07c609b97046ebb2606da0a834d739321e2ab0	164643	current/heaptrack/sdbl-run1.direct.heaptrack_print.txt
b90e030e44ed4d998fde9b3c87493b08f2ed94ac38d857389cb26566fbe6ef23	71371	current/heaptrack/sdbl-run1.direct.stacks
53a4c482b9f03300400ce7471b5f9fcad84febe703bfb642e798e2bb636fd3c9	1546	current/heaptrack/sdbl-run1.heaptrack.stdout
7bafe856dbd14ee54efeb2d8935b6d4ab88222f1014afcee6dd7fdbd675b2918	311877	current/heaptrack/sdbl-run2.compat.heaptrack_print.txt
acbae74101d17489898c531294ffa4370934b6a9b1f898ba164f30ab53a8bc63	1326665	current/heaptrack/sdbl-run2.compat.stacks
b73b9de5a963f1bd96ab7d2cb54adcedc5c98b84c1772b4587d2d62ced70f973	164643	current/heaptrack/sdbl-run2.direct.heaptrack_print.txt
b90e030e44ed4d998fde9b3c87493b08f2ed94ac38d857389cb26566fbe6ef23	71371	current/heaptrack/sdbl-run2.direct.stacks
9bc773859478b519fecd03e6202dea653f5cec8824072b43820b04272a0d8039	1546	current/heaptrack/sdbl-run2.heaptrack.stdout
6e14eb02d952d3c79e7fec23827ee98a0bd00a6bdfd8e2c0fa7850db6b8f4c3c	899	current/heaptrack/sdbl-summary.tsv
d945a290ca345cca32ef9336883deeb3865319f58611e9bde59765861d92a507	36204	current/nm/required-symbols.txt
e3b0c44298fc1c149afbf4c8996fb92427ae41e4649b934ca495991b7852b855	0	current/wall/bsl-run1.stderr
834048d7835b939ec0850329f8ce0af72d2cf476ce12f7a8c4839441debd87e6	1080	current/wall/bsl-run1.stdout
a37f9fe7bd3fa9d73c6b5c339b56943e53f5e080499527175cf537b71a836c01	5	current/wall/bsl-run1.time
e3b0c44298fc1c149afbf4c8996fb92427ae41e4649b934ca495991b7852b855	0	current/wall/bsl-run2.stderr
834048d7835b939ec0850329f8ce0af72d2cf476ce12f7a8c4839441debd87e6	1080	current/wall/bsl-run2.stdout
ad1d34e4d341cc6a4c4afadc494bd5c4b2fec64b899171d87e997ffee08a228d	5	current/wall/bsl-run2.time
e3b0c44298fc1c149afbf4c8996fb92427ae41e4649b934ca495991b7852b855	0	current/wall/bsl-run3.stderr
834048d7835b939ec0850329f8ce0af72d2cf476ce12f7a8c4839441debd87e6	1080	current/wall/bsl-run3.stdout
a37f9fe7bd3fa9d73c6b5c339b56943e53f5e080499527175cf537b71a836c01	5	current/wall/bsl-run3.time
e3b0c44298fc1c149afbf4c8996fb92427ae41e4649b934ca495991b7852b855	0	current/wall/bsl-run4.stderr
834048d7835b939ec0850329f8ce0af72d2cf476ce12f7a8c4839441debd87e6	1080	current/wall/bsl-run4.stdout
a37f9fe7bd3fa9d73c6b5c339b56943e53f5e080499527175cf537b71a836c01	5	current/wall/bsl-run4.time
e3b0c44298fc1c149afbf4c8996fb92427ae41e4649b934ca495991b7852b855	0	current/wall/bsl-run5.stderr
834048d7835b939ec0850329f8ce0af72d2cf476ce12f7a8c4839441debd87e6	1080	current/wall/bsl-run5.stdout
a37f9fe7bd3fa9d73c6b5c339b56943e53f5e080499527175cf537b71a836c01	5	current/wall/bsl-run5.time
2655af83a086c5785cde750e33844026288f2ee6da0b622a9b2f560c7cfbffe9	63	current/wall/bsl-summary.txt
c169d4bf98a109d6c316f1a43b7026460c5c5c34f0bc7d1e51b7d9bb95111f3a	25	current/wall/bsl-times.txt
e3b0c44298fc1c149afbf4c8996fb92427ae41e4649b934ca495991b7852b855	0	current/wall/bsl-warmup.stderr
834048d7835b939ec0850329f8ce0af72d2cf476ce12f7a8c4839441debd87e6	1080	current/wall/bsl-warmup.stdout
e3b0c44298fc1c149afbf4c8996fb92427ae41e4649b934ca495991b7852b855	0	current/wall/sdbl-run1.stderr
fd28ff0d0fb12fd9297b3046043e0c0e0d87eb15730f49b7924252ccc359c8a2	1054	current/wall/sdbl-run1.stdout
ad1d34e4d341cc6a4c4afadc494bd5c4b2fec64b899171d87e997ffee08a228d	5	current/wall/sdbl-run1.time
e3b0c44298fc1c149afbf4c8996fb92427ae41e4649b934ca495991b7852b855	0	current/wall/sdbl-run2.stderr
fd28ff0d0fb12fd9297b3046043e0c0e0d87eb15730f49b7924252ccc359c8a2	1054	current/wall/sdbl-run2.stdout
ad1d34e4d341cc6a4c4afadc494bd5c4b2fec64b899171d87e997ffee08a228d	5	current/wall/sdbl-run2.time
e3b0c44298fc1c149afbf4c8996fb92427ae41e4649b934ca495991b7852b855	0	current/wall/sdbl-run3.stderr
fd28ff0d0fb12fd9297b3046043e0c0e0d87eb15730f49b7924252ccc359c8a2	1054	current/wall/sdbl-run3.stdout
a37f9fe7bd3fa9d73c6b5c339b56943e53f5e080499527175cf537b71a836c01	5	current/wall/sdbl-run3.time
e3b0c44298fc1c149afbf4c8996fb92427ae41e4649b934ca495991b7852b855	0	current/wall/sdbl-run4.stderr
fd28ff0d0fb12fd9297b3046043e0c0e0d87eb15730f49b7924252ccc359c8a2	1054	current/wall/sdbl-run4.stdout
a37f9fe7bd3fa9d73c6b5c339b56943e53f5e080499527175cf537b71a836c01	5	current/wall/sdbl-run4.time
e3b0c44298fc1c149afbf4c8996fb92427ae41e4649b934ca495991b7852b855	0	current/wall/sdbl-run5.stderr
fd28ff0d0fb12fd9297b3046043e0c0e0d87eb15730f49b7924252ccc359c8a2	1054	current/wall/sdbl-run5.stdout
a37f9fe7bd3fa9d73c6b5c339b56943e53f5e080499527175cf537b71a836c01	5	current/wall/sdbl-run5.time
0651820ccdc124141a323fa46afdb869959efcd795480252adb29baef748884c	63	current/wall/sdbl-summary.txt
59cda93abaa58aa15c71d7702549a1128d028643040e1079a8c2f389f3887eb9	25	current/wall/sdbl-times.txt
e3b0c44298fc1c149afbf4c8996fb92427ae41e4649b934ca495991b7852b855	0	current/wall/sdbl-warmup.stderr
fd28ff0d0fb12fd9297b3046043e0c0e0d87eb15730f49b7924252ccc359c8a2	1054	current/wall/sdbl-warmup.stdout
cb25aab2671d032e4f0cf48edccac2976d88e54545e81aab5f7cd6e3fce3baa6	6005	helper-cmp/baseline-bsl-baseline-helper.rs
e3b0c44298fc1c149afbf4c8996fb92427ae41e4649b934ca495991b7852b855	0	helper-cmp/baseline-bsl-cmp.txt
f5ef372d5408a8ca035f0a288c3b741807f94fd378ee9dc9b97ea0ca47d1637f	394	helper-cmp/baseline-bsl-helper.lines.txt
ec77bdeb9e10e9d6c65cbefe6f6831d29de2a5ca4fcc970e27d2417af6e72606	502	helper-cmp/baseline-bsl-helper.sha256
32c4e08e108c8800a7100635f4d764a4fa6fa6928cc64c85c9b7f68c5b910ccc	5318	helper-cmp/baseline-sdbl-baseline-helper.rs
e3b0c44298fc1c149afbf4c8996fb92427ae41e4649b934ca495991b7852b855	0	helper-cmp/baseline-sdbl-cmp.txt
6a3f2687e0ee31a248d588e3dfff3047cf882efaebff1e1ad1926bb76ccbcfd1	396	helper-cmp/baseline-sdbl-helper.lines.txt
a5570242d0a6f04def0b770337eb3cd1a2ed95d4ad98ad1ec50704fec60e8ef5	504	helper-cmp/baseline-sdbl-helper.sha256
cb25aab2671d032e4f0cf48edccac2976d88e54545e81aab5f7cd6e3fce3baa6	6005	helper-cmp/current-bsl-helper.rs
32c4e08e108c8800a7100635f4d764a4fa6fa6928cc64c85c9b7f68c5b910ccc	5318	helper-cmp/current-sdbl-helper.rs
e3b0c44298fc1c149afbf4c8996fb92427ae41e4649b934ca495991b7852b855	0	pycache-clean.stdout
4e71571750ddc875e9f75f84c96d80f197dbae68bbeca78ea4cbeb67820f6105	967	tool-versions.txt
ff642258d065a51c66b9773096b6c4964a9172011266fd5942d7136584f89625	460	validation/heaptrack.stdout
b214c9e3ae88a27c6289270427f455f789683f091a043fdc7f963a16b1c8d110	834	validation/heaptrack_print.filtered.txt
f375ffbf2be6e99cceefc6709df8f794b069c46485f040ede2a858b7702812f4	44	validation/known-allocation-nm.txt
e189ec3a7fecfa292876eca0b3734d4c85daa06f85d613987b45bae909ba9157	85	validation/known-allocation.stacks
477336ee44ee8b6655a8877655a1dcc361c96027edd86ce999c600d73d992c8b	248	validation/known-allocation.stacks.sha256
cd8795ea04dc9bc60c3613eabf94aba29a9784c535163d2352a53766f5a9659a	202	validation/summary.txt
5d9559315196b52c787836cf2410551a798a5cfe5ac6c7e9a18bfacc04cb83ff	110	validation/trace.sha256
